"Chisq","Df","Pr(>Chisq)"
0.0539178070503505,1,0.816381060469559
0.909304562736116,2,0.634668615687123
33.41056022166,4,9.84219196146694e-07
0.375892835649457,2,0.828659107400674
7.72714531489107,4,0.102100324567701
105.286221802802,8,3.53375305862926e-19
2.91684960556009,8,0.939466724162701
