"Chisq","Df","Pr(>Chisq)"
0.909309398156535,2,0.634667081244187
33.4105795280034,4,9.84210231960866e-07
0.0539186296691003,1,0.816379684741133
105.286217888052,8,3.53375958896203e-19
0.375892610123085,2,0.828659200842921
7.72713877122739,4,0.102100589937991
2.91684551713811,8,0.939466969995757
