"Chisq","Df","Pr(>Chisq)"
0.0747030714327096,1,0.784608298594162
0.379481226838928,2,0.827173663867248
46.4087890491782,4,2.02466756360198e-09
0.326485306928553,2,0.849385057179743
7.32666484388563,4,0.119600038283306
118.230029768234,8,7.6884224573043e-22
3.76252376387998,8,0.877888620509613
